8396d009-5a53-4474-a5f8-bc946cbb0410,C05NJT37PK5,!epanda status,1,1704814008.603619,1704999472.236176
e3155a1f-2f74-4f73-971d-2442811e0e43,C05NJT37PK5,!epanda status,1,1704769062.236579,1704999488.282581
6e6ea94a-17f3-4f5f-a17d-4d6c0845bb64,C05NJT37PK5,!epanda exit,0,1705889580.090289,1705889599.636913
03dfcb48-132f-4ec2-8eed-7462d1f6f57b,C05NJT37PK5,!epanda status,1,1705889603.706669,1705889633.773662
4ea3b4cb-3c42-4e85-8cd8-1fd8123d510a,C05NJT37PK5,!epanda status,1,1705889234.684519,1705889649.465095
9CA7BB65-42D0-4335-A329-5ACC219835D3,C05NJT37PK5,!epanda status,1,1705613569.249569,1705889667.465464
b646b425-42fb-4670-a2a1-7704f42eb699,C05NJT37PK5,!epanda status,1,1705889829.270059,1705889844.74767
f1ce139a-1c86-4dfb-b7b0-9d8382910ea9,C05NJT37PK5,!epanda exit,0,1706219173.961859,1706221135.096754
DE02B429-B23F-4CB9-BEC0-05D451768B06,C05NJT37PK5,!epanda status,1,1707713450.770829,1707946544.433551
6D127B0B-9B21-46FF-8286-1166826891A5,C05NJT37PK5,!epanda status,1,1707701884.170439,1707946556.578931
8463BE48-6E39-4BFC-849A-D6400AC2F84C,C05NJT37PK5,!epanda status,1,1707678638.472899,1707946568.892922
40e23aa7-a3bd-4062-b3fc-411ad9d2e86f,C05NJT37PK5,!epanda status,1,1707673659.867449,1707946581.151623
80e3ebd8-8870-45cf-8f1b-a9857e49dd21,C05NJT37PK5,!epanda status,1,1707517195.517169,1707946593.265666
b97be35a-1028-42f4-a7b2-93781d8c547a,C05NJT37PK5,!epanda status,1,1707267813.668259,1707946605.405623
f2842c99-402f-4eb3-8df5-35d100c216cf,C05NJT37PK5,!epanda exit,0,1707946604.249119,1707946610.902667
DB018095-623A-4A18-A4EF-39E47AF9B9FC,C05NJT37PK5,!epanda exit,0,1708188567.220979,1708188590.264663
952E9C8F-A602-4F90-A0A6-9FC7F6FAA21A,C05NJT37PK5,!epanda status,1,1708188641.437399,1708188649.887545
380750D8-30E0-493C-AE7D-8C17DE621B4D,C05NJT37PK5,!epanda exit,0,1708189763.819319,1708189765.521426
fd0f09a8-b682-4dae-829c-cefd71c132b4,C06R1MN3D7A,!epanda help,1,1712263487.257399,1712263488.963911
c665aab6-4483-4940-a7e3-a69cc1305779,C06R1MN3D7A,!epanda status 10000000,1,1712263513.338029,1712263650.941284
bbed4a59-0ceb-4893-9fbf-c402583c20d3,C06R1MN3D7A,!epanda status-experimt 10000000,1,1712263689.703969,1712263691.403877
45b58c80-47cc-4543-8299-89ab0e009546,C06R1MN3D7A,!epanda status-experimet 10000000,1,1712263702.107609,1712263703.328456
f8e1c7cb-19e4-4a0a-a3fb-93b2c3579c54,C06R1MN3D7A,!epanda status-experiment 10000000,1,1712263760.270509,1712263761.597434
f0c5bab6-7041-4e37-adce-625651441d70,C06R1MN3D7A,!epanda status-experiment 10000001,1,1712263783.653539,1712263785.550256
7a2e2dbd-fbae-48db-8ecc-5de9dcc26db9,C06R1MN3D7A,!epanda status-experiment 10000002,1,1712263791.198739,1712263797.717785
d6684cf0-414f-46ba-adad-edca57ad47fd,C06R1MN3D7A,!epanda queue,1,1712263838.053789,1712263844.359923
1d6c6b08-004f-41b0-933c-7bed9eb57c7a,C06R1MN3D7A,!epanda queue length,1,1712263856.844509,1712263862.802594
4ba68b7f-deb1-4fab-9e5c-61a73c27fbe0,C06R1MN3D7A,!epanda status,1,1712263868.060839,1712263869.004679
6da08f0f-9e52-4d3a-97cb-68fe43f490c7,C06R1MN3D7A,!epanda system status,1,1712263879.135299,1712263884.858696
95b5bbcb-13cb-4516-a44e-40c452810c29,C06R1MN3D7A,!epanda system status,1,1712263921.727359,1712263929.726301
b45e1f26-311c-4783-b8f4-836991ba74c2,C06R1MN3D7A,!epanda well status,1,1712264021.005459,1712264023.693736
b6945bbe-f7ec-45b0-955e-29c15648d748,C06R1MN3D7A,!epanda help,1,1712264086.119399,1712264087.543126
b769d930-a22a-434e-be63-b37fc9a590c7,C06R1MN3D7A,!epanda vial status,1,1712264094.161669,1712264099.423286
b1b42816-0715-4c14-9cbc-156a9f595d65,C06R1MN3D7A,!epanda vial status,1,1712264170.181829,1712264216.22934
b2462a9c-dd16-40e6-bb43-a02370527630,C06R1MN3D7A,!epanda system status,1,1712264232.940199,1712264242.410721
1d5857fc-f830-4313-9525-ffe95d9156ac,C06R1MN3D7A,!epanda exit,0,1712265142.493089,1712265147.04422
0dfaa033-fa68-430a-ba94-233bd0ff149a,C06R1MN3D7A,!epanda system status,1,1712265170.887559,1712265277.180177
1a828b86-eb43-47e1-8071-1541a3ebdd66,C06R1MN3D7A,!epanda system status,1,1712265306.536639,1712265320.081205
a1f9d89d-27d1-468e-96b8-d646b858dbc0,C06R1MN3D7A,!epanda system status,1,1712265385.095309,1712265394.680713
97171d31-6452-4033-8936-36ca24063e45,C06R1MN3D7A,!epanda help,1,1712265514.337089,1712265516.913205
75677255-0eab-460a-841d-e91d60dee48c,C06R1MN3D7A,!epanda status-experiment 10000002,1,1712265532.493019,1712265534.791302
4532cef4-efec-4b1b-8be2-309474eba6cc,C06R1MN3D7A,!epanda status-experiment 10000002,1,1712265551.110059,1712265558.460798
b430d590-db9a-4a4c-a272-b22aa575d61c,C06R1MN3D7A,!epanda pause,1,1712265614.274249,1712265617.067706
af3ab01b-bb0b-43b7-b92b-3916e4a441ec,C06R1MN3D7A,!epanda resume,1,1712265685.363069,1712265686.638502
27dc5186-0eb6-457e-84c3-0d0a984004b3,C06R1MN3D7A,!epanda vial status,1,1712265937.647769,1712265944.126542
3409cc7c-80ad-4064-a0fe-436ede34f9db,C06R1MN3D7A,!epanda well status,1,1712265942.697029,1712265954.013231
eb5c44e0-41a6-4ad2-825c-e13d19d52ea4,C06R1MN3D7A,!epanda well status,1,1712266287.501759,1712266296.215316
8eb9c8c0-c9da-459a-aed1-85439b6d6049,C06R1MN3D7A,!epanda well status,1,1712266740.358489,1712266747.657224
aee61a64-290b-41a5-b33e-d3e511be68e5,C06R1MN3D7A,!epanda help,1,1712266767.768569,1712266771.188492
ee67079e-848e-4d6a-81ee-d466148f73e0,C06R1MN3D7A,!epanda stop,1,1712266776.256889,1712266777.447865
2247ddd4-0cc3-449d-8236-e1fbba614c44,C06R1MN3D7A,!epanda exit,0,1712266847.228589,1712266852.970828
2E01678F-A7F8-4378-B0DD-ECBABB20DED6,C05NJT37PK5,!epanda status,1,1710975206.810429,1712345406.969079
c75ceab6-1799-423b-828e-90d531aad69b,C06R1MN3D7A,!epanda status,1,1712345809.209249,1712345815.130256
cd757860-9566-462f-ae22-77d05a7087d9,C06R1MN3D7A,!epanda system status,1,1712345847.817309,1712345858.663403
d01daf31-e759-412e-9611-2d356e003ecd,C06R1MN3D7A,!epanda exit,0,1712357642.530189,1712357643.545103
9edadc90-f1e9-49e0-96ec-3dd9705ce1d9,C06R1MN3D7A,!epanda status,,1714701596.560889,1714703871.802228
fd2d09a0-e9b8-4640-89d6-8ee8409c6bbe,C06R1MN3D7A,!epanda status,,1714703910.412249,1714703914.20592
9abaa6c7-c51f-459a-b29d-fe9fad092927,C06R1MN3D7A,!epanda status,,1714703990.652359,1714703994.29063
c4b09701-87b5-4649-a59a-01c003f9a7bc,C06R1MN3D7A,!epanda shutdown,1,1714704726.186029,1714704731.00885
7f07ce35-fcaf-4808-8425-f733620320bd,C06R1MN3D7A,!epanda help,1,1714704738.687629,1714704741.895465
d10ea836-b2a6-45cb-9171-ac3571e4d31f,C06R1MN3D7A,!epanda stop,1,1714704751.886869,1714704752.638677
d2143488-d29c-417f-af2f-faadde9a91b4,C06R1MN3D7A,!epanda exit,0,1714705045.399519,1714705046.035993
322549bb-e4aa-4330-bf34-97e367b526fc,C06R1MN3D7A,!epanda stop,1,1714754501.643719,1714754508.320115
eac3b552-63d3-44d2-b47c-ed85e9f34775,C06R1MN3D7A,!epanda exit,0,1714754685.913079,1714754689.246157
1b816e3b-9640-4b0f-8ca9-1a8681c823c0,C06R1MN3D7A,!epanda help,1,1714756544.095979,1714756547.872554
ca48b6a9-57f7-44ec-bd87-bc95cb9034d2,C06R1MN3D7A,!epanda stop,1,1714759801.973019,1714759805.601869
faeb90e4-bd84-4095-96b4-d7e9db1fb601,C06R1MN3D7A,!epanda exit,0,1714759956.283069,1714759956.928659
