id,priority,filename
9991959,1,water_test_9991959
9991960,1,water_test_9991960
9991961,1,water_test_9991961
9991962,1,water_test_9991962
9991963,1,water_test_9991963
9991964,1,water_test_9991964
9991965,1,water_test_9991965
9991966,1,water_test_9991966
9991967,1,water_test_9991967
9991968,1,water_test_9991968
9991969,1,water_test_9991969
9991970,1,water_test_9991970
9991971,1,water_test_9991971
9991972,1,water_test_9991972
9991973,1,water_test_9991973
9991974,1,water_test_9991974
9991975,1,water_test_9991975
9991976,1,water_test_9991976
9991977,1,water_test_9991977
9991978,1,water_test_9991978
9991979,1,water_test_9991979
9991980,1,water_test_9991980
9991981,1,water_test_9991981
9991982,1,water_test_9991982
9991983,1,water_test_9991983
9991984,1,water_test_9991984
9991985,1,water_test_9991985
9991986,1,water_test_9991986
9991987,1,water_test_9991987
9991988,1,water_test_9991988
9991989,1,water_test_9991989
9991990,1,water_test_9991990
9991991,1,water_test_9991991
9991992,1,water_test_9991992
9991993,1,water_test_9991993
9991994,1,water_test_9991994
9991995,1,water_test_9991995
9991996,1,water_test_9991996
9991997,1,water_test_9991997
9991998,1,water_test_9991998
9991999,1,water_test_9991999
9992000,1,water_test_9992000
9992001,1,water_test_9992001
9992002,1,water_test_9992002
9992003,1,water_test_9992003
9992004,1,water_test_9992004
9992005,1,water_test_9992005
9992006,1,water_test_9992006
9992007,1,water_test_9992007
9992008,1,water_test_9992008
9992009,1,water_test_9992009
9992010,1,water_test_9992010
9992011,1,water_test_9992011
9992012,1,water_test_9992012
9992013,1,water_test_9992013
9992014,1,water_test_9992014
9992015,1,water_test_9992015
9992016,1,water_test_9992016
9992017,1,water_test_9992017
9992018,1,water_test_9992018
9992019,1,water_test_9992019
9992020,1,water_test_9992020
9992021,1,water_test_9992021
9992022,1,water_test_9992022
9992023,1,water_test_9992023
9992024,1,water_test_9992024
9992025,1,water_test_9992025
9992026,1,water_test_9992026
9992027,1,water_test_9992027
9992028,1,water_test_9992028
9992029,1,water_test_9992029
9992030,1,water_test_9992030
9992031,1,water_test_9992031
9992032,1,water_test_9992032
9992033,1,water_test_9992033
9992034,1,water_test_9992034
9992035,1,water_test_9992035
9992036,1,water_test_9992036
9992037,1,water_test_9992037
9992038,1,water_test_9992038
9992039,1,water_test_9992039
9992040,1,water_test_9992040
9992041,1,water_test_9992041
9992042,1,water_test_9992042
9992043,1,water_test_9992043
9992044,1,water_test_9992044
9992045,1,water_test_9992045
9992046,1,water_test_9992046
9992047,1,water_test_9992047
9992048,1,water_test_9992048
9992049,1,water_test_9992049
9992050,1,water_test_9992050
9992051,1,water_test_9992051
9992052,1,water_test_9992052
9992053,1,water_test_9992053
9992054,1,water_test_9992054
